{
    "type": "recommendation",
    "metrics": {
        "top_1_hit_rate": 0.030927835051546393,
        "top_3_hit_rate": 0.06958762886597938,
        "top_5_hit_rate": 0.12628865979381443,
        "average_hit_rate": 0.07560137457044673,
        "total_scenarios": 388,
        "top_1_hits": 12,
        "top_3_hits": 27,
        "top_5_hits": 49
    },
    "data_info": {
        "evaluated_count": 388,
        "original_recommendation_count": 388,
        "original_ground_truth_count": 388
    }
}