{
    "type": "recommendation",
    "metrics": {
        "top_1_hit_rate": 0.07731958762886598,
        "top_3_hit_rate": 0.28350515463917525,
        "top_5_hit_rate": 0.4793814432989691,
        "average_hit_rate": 0.2800687285223368,
        "total_scenarios": 388,
        "top_1_hits": 30,
        "top_3_hits": 110,
        "top_5_hits": 186
    },
    "data_info": {
        "evaluated_count": 388,
        "original_recommendation_count": 388,
        "original_ground_truth_count": 388
    }
}