{
    "type": "recommendation",
    "metrics": {
        "top_1_hit_rate": 0.03608247422680412,
        "top_3_hit_rate": 0.08505154639175258,
        "top_5_hit_rate": 0.14690721649484537,
        "average_hit_rate": 0.08934707903780069,
        "total_scenarios": 388,
        "top_1_hits": 14,
        "top_3_hits": 33,
        "top_5_hits": 57
    },
    "data_info": {
        "evaluated_count": 388,
        "original_recommendation_count": 388,
        "original_ground_truth_count": 388
    }
}